sigma_rate,arctan_a,arctan_b,beta
1.5185593,-1.2584019,-0.403907,2.918656
-1.5786265,-0.5429787,-1.3865519,3.4138882
0.95637065,-0.9828388,-1.6945207,4.199258
1.6901394,-0.1588028,-0.38976318,3.407283
0.5509325,-0.5762267,-1.6548108,4.1895585
1.9335514,-0.28843904,-0.7617737,3.0632732
3.1896408,-0.09559211,0.38927317,3.5136216
-0.4437974,-0.178654,0.3975233,2.7471876
0.6565318,-0.8039342,-1.2890085,3.458256
2.4365447,-0.44058496,-3.6849227,3.7835858
1.1723566,-0.7914153,-1.1758806,3.3616352
0.15365052,0.034358136,-1.2338512,2.8767793
1.3288802,-0.31137145,-0.52914184,3.4346733
0.3308166,-0.46868286,-1.973951,4.064103
1.61811,-0.08566242,-1.2448204,3.6755953
0.82255316,-0.1713713,1.0920184,2.010923
-0.2485826,-0.39376184,-1.7141922,3.9787025
1.7006971,-0.9218167,-1.6754256,1.4544274
1.9932814,0.0916289,-1.8851459,3.456446
-1.780515,-0.5087825,-1.5062878,3.9461567
1.5930406,-0.7777851,-0.9562872,3.7471066
-2.6666768,-0.23400949,0.56317574,5.161023
-0.8380724,0.6751358,-2.0218387,4.9492493
2.1658237,-0.9219723,-1.3262821,2.9715028
3.3335383,0.2437615,0.53067195,3.2803648
-1.8462993,-0.59412056,-1.5419793,3.8610284
1.0542202,-0.17958017,-1.1333766,4.5198545
-1.7273071,-0.7730021,-1.4643241,3.6642456
3.0511267,-0.0795983,0.23775269,3.4875188
2.2112093,-1.1035503,-1.3414769,2.7729414
1.4705162,-0.22242716,-0.3165152,3.7629824
1.7448859,0.09416845,-1.6705562,3.6715677
-1.5079037,-0.46640298,-1.3084036,3.9126723
2.0333097,-0.9511604,-1.5799906,3.0297422
1.9751992,-0.33568913,-1.8745748,4.1829534
2.126013,-1.037532,-1.5264095,1.9802922
1.8134439,-0.7497925,-1.4756029,3.2139313
-1.9546076,-0.63284,-1.5938169,3.74485
1.8261688,-1.1269404,-1.1472542,3.1381106
-0.13495868,0.45194653,-1.3659054,4.5138764
0.60171896,-0.11708164,1.9299941,3.932042
-0.38910002,-0.20510276,0.24471508,3.2368836
-0.715228,-0.11863031,1.3286852,4.9282427
1.7948176,-0.40396234,-0.8095626,3.4203355
2.2873316,-0.1221246,-1.9262185,2.4238412
-0.67296094,-0.3487502,-2.026703,3.3846097
1.6308769,-0.98432964,-1.2948189,2.0155377
1.5091665,-0.891028,-1.125419,2.8151886
1.9305927,0.15952247,-1.9770857,3.5925539
2.0714226,-1.3382186,-1.4440289,2.547492
-1.6259103,-0.6679037,-1.2506623,3.6737907
-0.98456585,-0.13888532,1.5754024,5.2143393
-0.8512737,-0.18887788,1.4577054,5.201583
0.32526276,-0.23990576,-0.75662434,-1.0382502
1.1678189,-1.3154124,-0.82022065,3.2215774
-1.5286812,-0.46188822,-1.2457836,3.9634333
-1.6562581,-0.5863409,-1.5990099,3.6810482
0.35490224,0.1402944,-3.9641273,2.09824
0.34705687,-0.13764101,-1.3203461,2.5936322
5.7690883,-1.7902579,-7.713162,-3.25432
0.20294248,0.29016367,-1.2544804,4.714009
-0.52309203,-0.27576104,0.5496784,2.061314
1.4902877,-0.39870256,-1.2449373,3.8165445
0.34090814,-1.3353198,-0.8814903,2.6602848
1.3921412,-0.22192042,-0.57629794,-0.33846447
3.1146324,-0.062470008,0.29517654,3.6546674
-1.7375443,-0.51332694,-1.2336955,3.8308516
-1.8921419,-0.5151771,-1.2534665,1.8623966
1.3640795,-0.09153665,0.07334507,-0.13008448
0.7135119,-0.9049077,-0.992206,3.352138
-0.20368738,-0.40189275,-1.5717264,4.0634236
1.8197349,-0.20668109,0.14357355,2.908211
1.5146948,-0.5179328,-1.9169108,2.6094875
0.97197187,-0.1867121,-0.31564838,4.9217935
2.221661,0.12427438,-1.9355878,3.002161
3.0732095,-0.097352006,0.28212088,3.4742618
1.5040609,-0.35718352,-0.33487004,4.035886
0.7370978,-0.88533896,-1.3866456,2.858738
-0.067895606,-0.002134078,-0.6455461,-1.3319067
1.7414993,-0.046885114,-1.6685975,2.831776
-2.2033644,-0.7876346,-1.9938934,3.9914641
0.56092006,-0.79169893,-1.215761,3.451417
0.25299338,-0.3850959,-1.8333261,4.84177
-0.23383057,-0.3326674,2.904173,5.4748826
-1.7722753,-0.46640554,-1.1803968,3.9375186
0.3614389,-0.9956269,-1.0863012,3.1648352
1.0649537,-0.0045255935,-1.5880064,4.642305
1.8889483,-1.6744314,-0.79199195,3.027358
0.8770696,-0.365928,-2.315868,3.4259868
-0.14515819,-0.07651048,1.5206472,5.0436378
-0.039654702,0.27534774,-2.2494643,4.055258
2.164387,0.19712248,-2.057592,3.423582
1.2330834,-0.6136619,0.25306413,3.4607036
-2.1133955,-0.46106142,-1.1644195,3.7800486
-0.5546127,-0.44059435,-1.3230257,3.1565366
3.2366438,-0.04194406,0.24462675,3.8063807
-0.64798033,-0.29563096,1.6719787,1.1546671
1.2479886,-1.0601707,-0.32888466,4.390423
4.051507,-2.7349038,-6.59948,-0.74610746
0.77781117,-0.4076021,-1.3228151,3.012358
-1.5779488,-0.45578292,-1.2598894,3.8551776
-1.8926084,-0.5611307,-1.4253544,4.06111
-1.1948837,-0.21103683,0.56941915,4.556543
-1.707007,-0.51960766,-1.1957486,3.8049614
-1.578639,-0.7028617,-1.4816226,3.5350661
1.437843,-0.8143728,-1.1164685,4.1254945
-0.31486648,0.254699,-0.6807981,4.90717
0.99571455,-0.8767916,-1.6195107,4.023049
1.4562092,-0.5854768,-0.61991364,3.2588654
1.9962112,-0.6229203,-1.9655026,4.1523194
-1.5121197,-0.19023773,0.70729333,4.7356057
1.4661942,0.006202081,0.19932686,3.0710866
1.4562788,-0.034553643,-1.6587775,3.949639
0.46220505,-0.70062995,-1.0417777,5.152085
-1.5864086,-0.4080133,-1.0359967,3.9070742
1.653573,-0.5745753,-2.2300053,3.9966292
3.1924467,0.14585784,0.437104,3.5440712
2.0072193,-1.0333569,-1.2010841,3.5064077
1.8170092,-0.796707,-0.8039201,3.0258894
2.0048106,-0.0120948125,-1.5334026,3.7874734
-1.749788,-0.7271926,-1.5723141,3.7242627
1.0054214,-0.8236256,-1.1352718,3.6211798
-0.57453656,-0.5291859,-0.7574169,2.443296
0.17013592,-0.37876424,2.304961,2.7991536
-2.1122975,-0.65883106,-1.5339718,3.800289
0.42104745,-0.8051156,-0.93624157,4.1207414
1.9642559,-0.055008464,-1.4287243,4.1791396
-0.49770072,-0.18086569,0.96824443,4.787376
1.753628,-1.3432884,-0.79879355,4.1243896
-0.8254869,-0.30014607,-0.2560344,4.724083
1.225073,-1.1233475,-1.2616909,3.6065733
1.9863209,-0.8188725,-1.7314825,3.2487555
-1.6251127,-0.9270928,-0.87410694,5.078738
-1.7945154,-0.50625396,-1.2937112,3.775009
0.276043,-0.94399124,3.3165402,5.7417464
1.8209558,-1.7037499,-0.53599423,3.7128844
0.010269762,0.3634508,-1.084999,4.582922
3.4431853,0.15482907,0.49707568,3.2220964
0.6486388,-0.10408709,1.4647229,2.6461213
0.20363054,0.36047077,-2.9976103,3.791402
-0.18444462,0.7296086,-2.7033575,3.4472852
0.44112083,-0.280141,-0.33084163,-0.41069034
-0.8254484,-0.3854028,-0.7881532,-0.70406485
-1.7306796,-0.5548862,-1.4171001,3.8095732
1.5089309,0.30255422,-1.6724179,2.5375261
3.2341309,-0.09231451,0.22900406,3.7347977
0.60564095,-0.050677933,-1.7928684,0.21888272
-1.5832015,-0.6074443,-1.4613994,3.952972
-0.9009593,-0.17576337,1.4036462,5.187322
3.2670264,0.1641552,0.49802652,3.3101468
-0.16759607,-0.41729477,-1.3689198,4.2165666
0.6159328,-0.3246556,-2.2692611,3.1675355
2.8807771,-0.1661465,0.27192715,3.6852612
-0.061393674,-0.6082386,-1.1578667,4.1036863
-1.5544157,-0.5979635,-1.5121349,3.905696
-0.60152656,-0.28656724,-1.5432367,4.045664
0.44303426,-0.9156624,-0.9166934,3.4018066
0.80384177,-0.27368444,-1.2700607,3.0950015
-1.5561396,-0.47562912,-1.2401166,3.59642
-1.188858,-0.16331704,0.84864926,4.747092
2.4133222,0.4728587,-3.0311303,3.4038048
-1.8957902,-0.54473,-1.6032207,2.285985
3.0465186,0.11314452,0.2612847,3.6045387
-0.16346908,-0.54271907,-2.943266,2.9391365
1.9744741,-0.25354326,-1.7564617,3.285411
-2.7430916,-0.5984353,-1.7029238,1.7685002
0.9744634,-0.5149748,-0.79483205,2.5447342
3.2165194,-0.124071114,0.4046398,3.5435445
5.684588,-1.4065003,-7.056247,-3.3852959
2.7158,-0.2743108,-0.18256159,2.253545
1.7245802,-0.88374734,-1.0825133,3.7703168
1.1385006,-1.1808988,-1.2471668,3.9186196
5.6466126,-1.2935385,-7.3586044,-3.223996
2.4075878,-1.231959,-1.1813089,2.2038164
1.8976569,-1.0596113,-1.7952124,3.129174
1.9151188,0.20316517,-2.007458,3.5735881
2.857346,-0.045773182,-1.8184855,2.016456
0.24920842,-0.8091841,0.07030759,3.6489716
-2.014597,-0.64642763,-1.5353751,3.8541965
1.9315367,-0.47520489,-1.1438912,2.85363
3.2061353,0.1748566,0.41088843,3.6326077
-1.8374745,-0.56847817,-1.2434602,3.7235205
3.3356469,-0.18934408,0.1597592,3.6356812
2.2233043,0.09814749,-1.9951935,2.720726
1.7431484,-0.36745846,-2.1809413,2.864706
2.367361,-0.009923206,-1.9866445,2.2952883
1.510494,0.10188578,-0.6520781,4.6213694
-1.8754711,-0.52903897,-1.4338483,3.9787507
0.3266567,-0.067029245,1.324504,3.4732754
-1.6418628,-0.6784031,-1.4318391,3.7022061
1.4069293,-0.07660186,-0.51340216,3.686358
0.13567364,-0.83303285,-0.4553973,3.5655928
0.26189202,-0.35254952,-0.23539223,3.089801
-0.71969956,-0.51173353,-1.7570323,3.8705895
0.8213,-0.6580528,-1.8990884,3.8263805
-1.7385876,-0.27976462,0.21216461,2.6097589
1.9762641,-0.1090448,-1.3767052,3.8461795
1.5087236,-0.11097047,-1.2044386,4.665811
-0.5319647,-0.48508406,-2.0281081,3.852244
-1.0058895,-0.12892573,1.1262734,4.8756733
1.9985962,-0.79226184,-1.0887355,3.2770164
-0.31924728,-0.21653557,-1.2494514,3.843839
1.2618159,-0.7269787,-0.27737993,3.683186
-1.2602148,-0.79476565,-1.7281035,3.84265
1.8467543,-0.72145784,-2.355792,2.2070248
0.5109747,-0.17957428,-1.6496003,3.7120404
0.09553226,-0.047658317,0.86591285,2.609204
2.4114347,-0.30045256,-1.03131,2.4511924
3.1160972,0.13698415,0.33617866,3.4426053
1.6785924,0.14300035,-1.6198621,3.789153
-0.1660935,-0.13777816,-2.3819172,2.7956195
-0.55238944,-0.51607287,-1.9850984,4.1211925
-1.6112709,-0.5150072,-1.4823464,3.7859876
1.6022458,-0.8374035,-0.758773,3.8903575
0.023693664,-0.16678827,0.6025857,1.2380085
-1.553599,-0.55420977,-1.3755485,3.9979908
0.24152872,-1.218591,-1.5761503,3.2387347
1.7187988,-0.9042908,-1.8084025,3.8930202
-1.4157326,0.023053773,-1.1889485,5.1293473
1.9905761,-0.5811141,-2.2166698,2.3888564
3.2496324,-0.22883157,0.30853212,1.7077193
