sigma_rate,ln_a,beta
1.0722159,1.1091748,2.8239117
-1.0274704,-1.1909312,3.6614811
2.3421564,-2.6610742,3.6821995
1.9580351,0.6254951,3.409091
1.3921287,-1.4305123,4.121482
2.0626376,0.3051785,3.227154
3.20218,1.5691262,3.4154553
-1.062108,3.0723386,2.681804
1.4576524,-1.4191916,3.4864013
3.3479774,-3.3379664,3.189539
2.4493165,-2.0479321,3.3383749
-0.079620935,1.3445299,2.903632
1.5382622,0.60057276,3.466643
0.7966671,-0.8858794,3.848068
2.4472632,-1.001818,3.8934128
0.008801817,4.239094,1.8677021
0.44836476,-0.9108786,3.8798444
3.0100338,-2.746206,1.617808
3.6719496,-2.3686607,2.9795566
-1.0190439,-1.6227355,3.611274
2.2271967,-1.0727348,3.8121738
-1.7361492,-0.9389042,3.7511377
-1.1789304,1.9060808,3.87064
3.4196823,-2.4811308,3.0124109
3.034095,1.4294714,3.4563584
-1.1319863,-1.5936745,3.5943055
1.6371412,-0.48379442,4.3325925
-1.0480433,-1.3278515,3.5188966
3.0473692,1.5387932,3.466604
3.140912,-2.2473624,2.9572697
1.8394139,0.45632103,3.6169255
2.9302206,-1.7106906,4.423139
-0.92522496,-1.0575954,3.6724494
4.1225214,-3.62019,2.8038666
4.14914,-3.2223434,2.855318
3.5014837,-2.8495657,2.085446
3.568871,-2.8799956,3.3392568
-1.1099952,-1.6922026,3.6654382
2.6276681,-1.9149373,3.2680454
-0.62387055,2.433088,3.8802755
-0.53509104,6.159421,3.6301963
-0.7463416,2.0687304,3.1596944
-1.5042833,4.0052934,3.9077508
2.1754673,-0.20121418,3.4919417
3.4739373,-2.273419,2.9455757
0.6930303,-2.1227603,3.49408
2.7036562,-2.0633483,2.079563
2.3834236,-1.6690694,3.0779383
3.2945693,-2.0837016,3.6171494
3.5107832,-3.1463127,2.5165312
-1.0627071,-1.5250869,3.2611797
-1.2983776,1.929014,3.2216964
-1.7155416,4.556428,4.208929
1.1088581,-0.366926,-0.46321633
1.5628084,-1.0938339,3.2622514
-1.0192958,-1.233664,3.5662742
-1.1164224,-1.3788748,3.5045152
2.2483964,-2.9818919,1.9993609
0.7722589,-0.2733853,2.5924041
-1.1454188,-1.5045838,3.5263982
-0.37634462,2.6477683,4.2600465
-0.7374054,0.6573783,1.8320425
2.9473464,-1.8674688,3.80552
0.74750346,-1.1259012,2.7728698
1.301053,0.6363063,0.18087547
3.0447822,1.4260914,3.4342103
-1.1978523,-1.7747892,3.5557191
-0.98735076,-1.648005,1.8696854
1.1112684,1.3684442,0.25370944
1.489914,-1.3632464,3.3005702
0.17903909,-0.37736294,3.9421904
2.0132048,0.700121,3.449824
2.7997162,-2.341139,2.9885628
0.39190176,2.585204,4.670676
3.5752647,-2.133115,3.2086816
3.4167926,1.9121578,3.1519856
1.4930313,1.1137552,3.7214494
1.833185,-1.9093121,2.9616992
0.22250457,-0.17382461,-0.62530327
3.0429695,-1.913765,3.2583184
-1.4206294,-2.4922464,3.7979836
1.9121088,-2.0901542,3.6373265
0.41057363,-0.139622,4.5590506
-1.3076583,6.0149803,3.7877352
-1.2137861,-1.4195261,3.452102
1.054941,-1.3715193,3.1688473
2.070879,-1.0869169,5.1042604
1.35009,0.039006248,2.9205124
3.35281,-3.6306388,2.653944
-1.140915,5.384901,4.1258283
0.7086296,-0.8369155,3.4083729
3.9758275,-2.6279123,2.8514879
0.33336148,4.021432,3.3580947
-1.2943105,-1.937295,3.4986942
0.293779,-1.0022349,3.4339437
3.1959784,1.6392965,3.5031989
-1.57357,-2.3641315,0.60379446
0.77113557,1.4044088,4.398568
-1.4645413,-2.0087075,3.8602412
2.0347507,-1.8529371,2.9708645
-0.9744301,-1.1841189,3.6177845
-0.9926126,-1.6367207,3.608109
-1.5220847,2.0488353,4.251024
-1.185537,-1.5134037,3.4533167
-1.2599643,-1.6657025,3.5353425
2.4594467,-1.738358,4.159683
-0.93217736,3.2176585,4.562574
2.7233267,-2.8611088,3.8524764
1.6694274,0.11078426,3.2531893
4.380902,-3.8059697,2.5339558
-1.8879756,2.2204556,4.4086237
1.8349878,0.6085392,3.6687365
3.5903616,-2.4917436,3.3474944
0.85086596,-0.62027025,4.596596
-0.98789644,-1.0979265,3.5880587
3.5980208,-3.376167,3.2243488
3.194943,1.6236156,3.4287677
3.1182637,-2.2038834,3.50829
2.121865,-0.46657175,3.0737102
3.1783247,-1.6026944,3.6771343
-0.9156934,-1.393305,3.6900425
2.2610357,-2.0206082,3.5978098
-0.11900443,-0.4033477,2.4820065
-0.9720029,6.0810795,2.7198544
-1.1414946,-1.4379936,3.5607617
0.72363746,-0.58137023,4.0540113
3.2265942,-1.7500666,4.1896453
-1.1421491,3.6886134,4.4529605
1.6869128,-0.41576192,3.9153135
-1.2060328,1.9484304,4.3468003
2.921169,-2.9500241,3.4290452
4.0932393,-3.5552394,2.8325448
-0.8908326,-1.1869509,4.907102
-1.3065016,-1.476478,3.575993
-1.121965,8.270882,4.2428346
1.0057386,1.1671278,3.4667952
-0.40202466,2.1361125,4.333061
3.1120894,1.5208969,3.597596
-0.32754356,5.122404,2.5441258
1.1740165,-1.2424743,3.2143097
0.13135843,0.1732282,2.9296114
0.5697841,0.59592724,-0.050282795
-0.18811049,-0.3273929,-0.4199468
-0.917828,-1.5439626,3.6656573
2.4983454,-0.9718324,2.5483022
3.4983354,1.8502299,3.1961422
0.9696241,-0.2820874,0.40465847
-0.95408905,-1.3117441,3.5942736
-1.6573486,4.038702,3.9086246
3.2340007,1.6210734,3.2591634
0.1452497,-0.24254063,3.7512639
2.6145039,-2.95421,2.9555674
3.1167986,1.5663792,3.4105823
0.6545905,-1.0374197,3.994707
-1.2169796,-1.4732871,3.6059995
0.2544299,-1.0539879,3.8717248
1.1036292,-1.240047,3.351379
1.0842263,-0.14320908,2.9726753
-1.2704744,-1.582047,3.5006912
-1.716179,2.4751694,3.9903831
3.3778193,-2.3166065,3.361634
-0.98193353,-1.7489456,2.2900996
3.2190003,1.7290642,3.2819302
0.82768923,-2.6765811,2.7391777
3.9702902,-2.9643867,2.919489
-1.376414,-2.7231197,1.8046074
1.116492,0.039845128,2.5709252
3.0395777,1.5534054,3.4450157
-2.4776802,-4.3515253,4.6270866
2.6099,0.73086464,2.436759
2.4865043,-1.5337067,3.8662775
2.4719443,-2.536362,3.8433473
-1.6173353,-3.0524185,4.258142
2.9666288,-1.6791855,2.261315
3.8571029,-3.6871388,2.732175
3.2234156,-2.080209,4.1921124
3.4393308,-1.6513319,2.28751
-0.41510767,2.5860956,3.6070693
-1.1769872,-1.7063373,3.6980546
2.71896,-1.3031503,3.0045931
3.1826105,1.5687984,3.5007405
-1.0368295,-1.3515224,3.6540341
3.2108305,1.507159,3.558825
2.9359426,-1.6800168,3.2265239
3.217806,-2.6979349,3.375547
3.2738225,-2.0353117,2.9244664
1.9271481,0.42826483,4.462135
-1.3915551,-2.1818535,3.6542046
-0.69376683,5.4827595,3.3726761
-0.83677894,-1.3175172,3.6255925
1.8306189,0.37256172,3.658603
0.14995152,0.38782772,3.6373575
-0.24047253,2.2471519,3.0594752
0.29559085,-1.5502691,3.659773
2.836424,-3.2186384,3.160591
-1.2651533,-0.18894956,2.4716012
3.036063,-1.4439924,4.114677
2.8943954,-1.4788401,4.6300106
0.26018262,-1.536003,3.784572
-1.742375,3.9178147,4.373844
2.877836,-1.554637,3.3608012
0.00493069,-0.24985863,3.5806904
1.0294051,1.2329607,3.5683045
-1.03064,-1.2764771,3.5573108
3.38143,-3.320166,2.7587175
1.393201,-1.1752218,3.3318405
-0.61889887,3.6669042,2.5991585
2.4480844,-0.012828012,2.614232
3.1100528,1.6157869,3.3371687
3.0116618,-1.7307849,3.9265137
1.5597277,-2.4844272,2.7918632
0.7251313,-2.479849,3.4502952
-1.2267534,-1.3443372,3.5290875
1.9063765,-0.43218997,4.0389028
-0.33708954,2.2744539,1.1437488
-1.0622293,-1.6758627,3.5525987
1.1308954,-2.3531494,3.2614799
4.0293045,-3.9000707,2.8293176
-1.4173822,0.6861777,4.4565463
4.2366896,-3.8955665,2.0881875
3.16206,1.7559978,1.6990403
