sigma_rate,exp_b,beta
-0.03291849,2.3947008,2.9865458
-0.05029136,2.5486696,3.0148716
0.039348267,2.3722713,2.9438581
0.010486607,2.4404256,2.863603
0.05175236,2.4246361,2.808123
-0.039394166,2.3743927,2.8693101
-0.029531289,2.5021317,2.964845
-0.028567147,2.443014,3.0395548
-0.023187678,2.4033828,2.8558838
-0.022926327,2.4537754,2.964192
0.05591809,2.307222,2.8995245
-0.025028847,2.380561,2.895004
0.060151774,2.786385,2.9238932
-0.017885048,2.4578447,3.032194
-0.0695659,2.5256011,3.0136676
0.04579458,2.5441263,2.9789197
-0.05399186,2.4205742,2.8628936
-0.04199057,2.698669,2.9570837
-0.0025825752,2.2722218,2.8862839
0.09072034,2.5212488,2.955646
0.042032577,2.461898,2.9485912
0.028687775,2.5615373,3.008099
-0.0082766125,2.3426147,2.9431367
0.09529762,2.4843285,2.9588044
0.09125723,2.3913476,2.9868393
0.104388274,2.3499568,2.9057062
0.07207268,2.2999887,2.8914115
0.038479883,2.5582886,2.9786875
-0.031225216,2.3902617,2.9973493
0.026140418,2.427552,2.9151285
0.07330053,2.5062234,2.8958385
-0.0020623738,2.2598376,2.9888928
-0.0070809172,2.4016159,2.9711344
-0.08524514,2.5863702,2.920438
0.009950505,2.4428747,3.0001664
0.034283835,2.686183,2.8642383
0.020017296,2.3961015,2.8519993
-0.022461038,2.781999,3.1285787
0.00941711,2.63984,2.9868248
-0.028883178,2.3700776,2.9442978
0.03659661,2.4580886,2.8543334
0.03532232,2.4873374,2.89858
0.0667111,2.7810357,2.919997
0.057708066,2.4122055,2.9763827
0.027614202,2.6416454,2.915182
-0.010407827,2.4125814,2.9320393
0.031152252,2.4517567,2.9896097
0.058741592,2.570479,2.9401774
-0.03323504,2.3519607,2.852112
-0.0044368515,2.5043776,3.0048876
0.02564968,2.308858,2.9800668
-0.02625629,2.6437721,2.8266344
0.03280963,2.6930168,2.9736874
0.054939505,2.3794522,2.9862812
0.015712595,2.414604,2.929661
0.017213244,2.5270553,2.9405804
-0.042447407,2.484205,2.9505544
-0.0058499174,2.2514915,3.0019011
-0.020436227,2.3841343,2.9303033
0.052129366,2.4859848,2.9540284
-0.01936477,2.418731,2.8850517
0.018724684,2.0873888,2.97416
0.09017399,2.4261205,3.0391858
0.046901338,2.3498163,2.8680718
0.061575998,2.2984424,3.0167873
0.087392695,2.4568822,2.9159086
0.027626306,2.6107821,2.957428
0.018608764,2.4686704,3.0077941
0.019007022,2.482925,2.9956844
-0.004473499,2.6389582,3.0328374
0.04786645,2.9391031,3.0611825
0.03363144,2.6291976,2.8255832
0.024358448,2.1670651,2.9259229
-0.013198941,2.4769485,3.0299196
-0.005755347,2.6077602,3.037268
-0.0028287051,2.3802588,2.8695607
0.08816766,2.5990129,3.0155869
-0.008753159,2.2640088,2.90984
-0.08359131,2.18724,2.9189785
-0.039520275,2.3987563,2.9738224
0.05938661,2.4938927,2.8981786
-0.1642708,2.4417973,3.0330186
0.04918892,2.6546197,3.0595033
0.0312041,2.365476,2.9043324
0.11171253,2.3741708,2.9006548
-0.012499818,2.3972025,2.9388177
-0.06256616,2.505699,2.95658
0.068142444,2.6896327,2.9744844
-0.008626482,2.5853615,3.010811
0.05428576,2.323255,2.9215853
0.023774758,2.5047371,3.0762272
0.020140758,2.4156504,2.9626527
-0.016372513,2.5093842,3.060286
0.028087635,2.7880547,3.0200994
-0.09735189,2.7932103,3.0616438
-0.08148551,2.3959339,2.903973
0.039563145,2.47388,2.8392181
-0.0589645,2.2979121,2.9386725
0.008415399,2.3713293,2.9939651
0.003654074,2.8195038,3.0986195
-0.013055413,2.4917192,3.030311
0.01750178,2.6260498,2.991208
0.01385825,2.6040473,2.933646
-0.06968295,2.467828,3.0888202
0.00022539776,2.6074772,2.8529632
-0.038680006,2.6157322,2.923978
0.011596996,2.3170793,3.0511208
-0.07110275,2.4368448,2.9786065
0.022380445,2.6223137,3.0225508
0.03631817,2.4083664,3.0457516
-0.001691388,2.6435905,3.0746496
0.105430305,2.2948112,2.9271
0.07673719,2.518107,2.8280807
-0.013308973,2.442743,2.8686588
0.072904445,2.4168875,2.9157388
0.019570438,2.7169132,2.9062243
0.023745107,2.425768,2.8712232
0.03665428,2.1959891,2.8996246
0.009794019,2.8562741,3.004608
0.028752973,2.5565057,2.8823593
0.04494123,2.7116177,2.9938245
-0.02402145,2.474866,2.8447895
-0.08887942,2.5647137,2.996419
-0.016972039,2.3804934,2.8897696
-0.018100068,2.4496117,2.870175
0.118624054,2.3901775,2.862448
-0.015353159,2.3314967,3.012669
0.022623457,2.397235,2.8958194
0.09108384,2.0994546,2.8371887
-0.0058202734,2.5738816,2.9149451
-0.021372475,2.3811479,3.0270734
0.0021946914,2.4729197,2.9610782
0.046728957,2.3409183,2.9306333
0.10829011,2.556537,2.924093
0.05364843,2.4835367,2.920046
0.09692782,2.5805798,2.9318366
-0.01817185,2.1550956,2.940949
-0.023489669,2.6621525,3.0017333
-0.04097397,2.488713,3.0351257
0.09930041,2.2073216,3.004259
-0.043426793,2.6402974,3.0201478
-0.054236487,2.494357,3.0399153
-0.002286096,2.497346,3.0991223
-0.036781266,2.112088,3.044414
0.04684587,2.226956,2.8871357
-0.124405175,2.3254802,3.0507429
0.041140433,2.3538632,2.9037292
0.039965328,2.3255818,2.913119
0.021697672,2.4514494,2.90636
0.035269264,2.4544857,2.9684076
0.0953573,2.7455792,2.9557087
0.09213754,2.4977946,2.9819217
-0.033094116,2.559863,2.9531221
0.039775647,2.9773464,3.1208415
0.032287896,2.1840398,2.8251805
-0.04066321,2.5864024,3.0918944
0.09968184,2.4974542,2.996236
0.019347003,2.2488859,2.9833527
0.017930292,2.5310826,2.9839034
0.084197216,2.1573224,2.8126245
0.0071611023,2.7022479,3.105181
-0.025471803,2.4738572,3.044222
-0.018984057,2.117873,2.8942947
0.039633393,2.3844416,2.8830252
0.023014631,2.4098074,2.9767146
0.014070988,2.2593904,2.8326485
0.008731663,2.5559468,3.110254
-0.013712571,2.4907749,3.0373356
-0.003413166,2.7448444,2.954829
0.015194094,2.6387975,2.900707
0.10090535,2.5350585,2.9821281
-0.049363412,2.3785374,2.825
-0.022076964,2.4314415,3.0009031
-0.003839952,2.4948611,3.0006924
0.016402517,2.6389751,2.9728627
0.06345117,2.6824653,3.0179965
0.093692176,2.6791022,2.9388614
0.034057353,2.372279,2.858893
-4.7607347e-05,2.3031864,2.9057636
-0.03551789,2.2421017,2.963879
0.016382594,2.2290716,2.8627317
0.001464311,2.4619951,2.9992604
0.08900522,2.5166762,2.9149199
0.02213686,2.7071724,2.9429479
0.08779967,2.312733,2.9799583
-0.0112949265,2.7137282,3.013247
0.0358138,2.5181215,3.00319
-0.027673427,2.1675003,3.044967
-0.018049393,2.229099,2.9497368
0.07639143,2.3998752,2.8768868
0.026112149,2.3886373,2.9495444
0.023070106,2.418454,2.942792
0.05713849,2.7178135,3.031031
0.10577344,2.408862,2.92394
0.04256275,2.3599074,2.9266977
-0.061518945,2.4707885,3.044774
-0.00022673048,2.8257136,3.1086037
0.10950603,2.4474454,3.0070848
0.019165246,2.5654314,2.9411554
-0.0022499776,2.3287258,2.9040153
-0.008130101,2.5330575,2.8515382
0.011809005,2.4203045,2.9740841
0.0706155,2.5266275,3.075129
0.057251483,2.6810136,3.0006871
0.0003557615,2.3889778,2.8872185
-0.0047447765,2.3371782,2.8711631
0.05964876,2.681116,3.0481634
0.043399725,2.4754348,2.938262
0.04021852,2.4987545,3.000647
-0.0308315,2.4176815,2.9631553
0.05728076,2.371688,2.8690946
0.017065551,2.5552318,3.111766
-0.011649256,2.3516877,2.9853861
0.027437478,2.2341537,2.951264
0.046113085,2.4757624,2.9230843
0.08444005,2.4804606,2.8784552
0.08391277,2.537436,2.8602974
0.02761814,2.3074217,2.8835697
0.042811606,2.696685,2.9978836
-0.012591853,2.4704154,2.933397
0.036620192,2.7050931,2.9667518
0.031022437,2.56592,2.9136953
0.030413665,2.524597,3.0852885
0.053873796,2.448462,3.0587919
0.0613775,2.3355575,3.0650103
-0.03954165,2.6210537,2.9764404
0.0007521324,2.4885347,2.937745
0.056215193,2.6990604,3.005695
0.06693695,2.2987485,2.9042916
-0.055955127,2.374148,2.8889449
0.019420158,2.5753922,2.8902953
-0.08856421,2.627373,2.9885955
-0.04744941,2.4745603,2.9072952
0.05450627,2.704627,3.1023614
0.08800821,2.50676,2.9104548
0.040370043,2.672539,2.97826
-0.06502165,2.3202937,2.9063375
0.026650887,2.5829322,3.1132197
0.029959038,2.7264428,2.9518056
0.06270478,2.3364813,2.952091
0.14875065,2.8157418,3.0547235
0.027064426,2.5164561,3.006797
0.06131089,2.2106364,2.8446894
0.019496482,2.368418,3.0127344
0.07623106,2.5785716,2.8317876
-0.047194026,2.4891868,2.944551
-0.042450503,2.7029853,3.1045046
0.04357753,2.2888396,2.9637969
-0.011015196,2.4161878,2.9562533
0.009036681,2.4532146,2.9726002
-0.024785068,2.1348336,2.9438925
0.022201547,2.3087234,2.9530194
-0.062506646,2.5461075,2.9734013
0.02332211,2.3395808,2.997532
0.027663326,2.4740005,2.8523846
0.0036726492,2.340907,2.9945235
0.0132240215,2.2107832,2.9455194
-0.020383287,2.8991678,3.057137
0.044475965,2.6424232,2.874693
0.004085717,2.677871,2.9536455
0.10654104,2.2599506,2.9116943
0.035032026,2.6576788,3.0360315
0.07359608,2.316377,2.907727
0.084207825,2.3986413,2.8509643
0.039754517,2.5313406,2.8769033
0.068701975,2.722689,3.0150008
0.05440245,2.2983315,3.0087821
-0.035018176,2.3516018,2.9324274
-0.041013923,2.720089,2.9529443
0.10004556,2.2915294,2.905186
-0.0268889,2.3674297,2.9697096
0.007122548,2.503244,2.962058
0.101635695,2.573887,2.8802564
0.021473194,2.5494473,2.9939475
-0.025578104,2.518907,2.9757025
-0.0045601157,2.4456222,2.8934023
0.09036165,2.2847931,2.900457
-0.0387267,2.5362618,2.9364583
0.050206784,2.5432518,2.8727038
0.03959659,2.4089417,2.892576
0.013620866,2.6045325,2.9070568
-0.0426109,2.6295896,2.9114392
-0.075355574,2.3918176,3.0606787
0.0072028153,2.3794851,3.0169725
0.007823376,2.651485,3.0079618
0.04927082,2.4453397,2.9226894
0.061311703,2.4398396,2.866004
-0.030525751,2.4507973,2.9605541
0.009643327,2.3055995,2.8587165
0.026253778,2.7080772,3.0860822
0.05125357,2.4022894,2.897613
0.03838184,2.6945395,2.9581478
-0.024669107,2.4319384,2.910798
-0.011495308,2.319738,2.8998835
-0.060714163,2.6430838,2.9108763
0.008171294,2.5383143,3.0346868
0.04665361,2.3152182,2.9244773
0.09489943,2.5971184,3.08054
-0.0026219347,2.288893,2.9276392
0.056895323,2.614378,3.0444174
0.07681864,2.606285,3.0255513
-0.03021542,2.6611178,3.08232
0.10130568,2.6464884,3.0589583
-0.007827732,2.3660727,2.936545
0.035961926,2.4023316,2.8678684
-0.05164937,2.526348,3.0662482
0.049264237,2.2202559,2.9437323
0.03198048,2.4211457,2.9253714
-0.05776959,2.7022083,3.0077555
-0.05649084,2.3530993,3.0471718
-0.021262765,2.5772867,2.9115615
-0.042600572,2.3058367,2.8995557
0.05206253,2.7441971,2.9468536
0.082898304,2.3516443,3.048133
-0.0054730168,2.3981695,2.8252923
0.1106771,2.6059334,2.9581654
-0.0067155985,2.2596037,2.9798229
0.006446207,2.5053015,2.9801023
-0.024470802,2.342303,2.8776028
-0.027790554,2.358239,2.9576805
0.045364875,2.1779695,2.936522
-0.03295049,2.5604582,2.9298353
0.0038678944,2.3437028,2.953702
0.051691115,2.565341,2.9467986
0.075869866,2.5390751,2.9320016
0.05384352,2.4141948,2.8814816
-0.01932102,2.5225146,2.9977643
0.046534605,2.7966561,2.931223
0.08458156,2.5992696,3.0087204
0.027046133,2.218012,2.925188
-0.07745963,2.6259525,2.9917996
-0.088839546,2.8729255,3.1708887
0.053605102,2.3956635,2.9411666
0.00596858,2.6810772,2.9713514
0.017984698,2.0725682,2.9519079
0.03055523,2.520635,2.9893558
-0.054644853,2.4761767,3.0211987
0.028208904,2.6510487,3.02008
-0.012366583,2.5467355,2.8052785
-0.019622706,2.1745892,2.8308892
0.032353975,2.2716289,2.920001
0.09386228,2.551942,2.8957474
-0.036754623,2.4225395,3.0874987
-0.006480477,2.4282215,2.873957
0.1033672,2.503136,3.0119848
-0.06259907,2.5489874,2.9656217
0.00819667,2.6551862,2.9004078
0.07259724,2.592237,3.0220149
0.060477097,2.4712172,2.9448068
0.084069446,2.4077005,3.0176575
0.050391696,2.7087002,2.9395218
-0.04763732,2.3271196,2.9791775
0.04122416,2.3867908,2.935873
-0.025033746,2.4159408,2.8970923
0.022596989,2.6921518,2.9579499
0.03784723,2.2427204,2.9582589
0.066929735,2.3133097,2.990202
-0.049895473,2.3688703,2.9904904
0.02014553,2.3582158,2.866291
-0.015540403,2.543554,3.007276
-0.008074504,2.6574662,2.9500635
-0.08022232,2.7960587,2.9213784
0.032980658,2.4758034,3.0275853
-0.085454695,2.476475,2.9662075
-0.09093073,2.2600904,3.0098605
-0.01752976,2.5767035,2.9211953
-0.0316927,2.5685616,2.8291595
0.026697598,2.4543953,2.9824557
0.0031372113,2.7444587,2.8462613
0.091267765,2.5502338,2.9485364
-0.0033604847,2.6319857,2.939667
-0.035788346,2.5733807,3.0345378
0.054487817,2.3967345,2.9987187
0.045609333,2.5627067,3.0005713
0.03857376,2.4109967,2.9624655
0.037385456,2.5566182,2.8969364
-0.022526313,2.2584133,2.9864209
0.06381904,2.5744097,2.9516828
-0.03244674,2.4515224,2.9331388
-0.016437836,2.4828477,2.9357295
0.018930553,2.3527744,3.0156176
-0.008200056,2.3810265,2.911834
0.11793671,2.3967621,2.9719317
-0.032671567,2.149314,2.8767319
-0.02514216,2.614762,2.8717582
0.016266618,2.5965407,2.9630103
-0.06005311,2.2736287,2.8863845
0.013820166,2.4919097,2.9685984
0.07803053,2.5142665,2.9842346
-0.06611599,2.5159137,3.0534148
0.07322742,2.4660363,2.9264827
0.11745233,2.622429,3.0321743
-0.05106558,2.6562314,2.8883018
0.06704762,2.2476993,2.894319
0.08936424,2.571334,2.9361937
-0.017662559,2.2156167,3.0094352
0.04430994,2.4505374,3.046705
-0.036256216,2.5566094,2.9643347
0.0472752,2.356417,2.8496797
0.021435231,2.5368204,2.9433956
-0.029286131,2.2221658,2.9402828
0.03630894,2.4529877,2.990796
-0.020408772,2.4184463,2.9400578
0.09407297,2.3018696,2.9385655
0.035947524,2.420047,2.8623521
-0.02682186,2.2203171,2.9609895
-0.00639253,2.519333,3.041082
0.10139704,2.5845094,3.065267
-0.03937465,2.4402401,2.9790432
0.028980007,2.369573,3.0528522
0.046902735,2.5687025,3.035604
0.08877403,2.5917218,2.9934742
0.06666147,2.67215,2.9273236
0.06628958,2.4064882,2.9302666
0.011063651,2.4632852,2.9599988
-0.07616464,2.5452988,2.995352
0.0027203215,2.7287307,2.9859347
0.11652253,2.547418,2.8601847
0.02418312,2.5814884,2.9192016
0.017585838,2.436443,2.976348
-0.050512463,2.593728,3.0396264
-0.021088678,2.642216,2.9351273
0.0715673,2.6125586,2.9694347
0.059779897,2.6152773,2.9685416
0.053987104,2.6556933,3.0818183
-0.024065007,2.3420792,2.935825
0.017309168,2.7349422,2.9348516
0.117750995,2.4032128,2.8138084
0.009364355,2.4023602,2.937342
0.06473704,2.197722,2.9797726
0.019376509,2.6895096,3.1623037
-0.0037877196,2.5367386,2.994672
-0.026532788,2.6948895,2.96051
-0.0032900153,2.215961,2.8781579
0.016154217,2.7474205,2.894047
0.0143897785,2.3819165,2.8816977
-0.02232733,2.595338,2.8109467
0.045044582,2.5145206,2.8889248
-0.03802907,2.4233615,2.888523
0.060485438,2.6009154,3.0605106
0.044679787,2.549496,2.9078772
-0.0033679577,2.3179324,2.892443
-0.059970476,2.4053109,2.9271529
-0.0370351,2.303491,2.985462
0.03564967,2.5393772,2.9627402
0.06192822,2.3466263,3.0432293
0.012594302,2.4049501,2.867774
0.038235385,2.366238,2.9428627
0.028485652,2.5902061,3.127464
0.07064789,2.4581733,2.9676006
0.065514974,2.391453,2.9001863
-0.06979954,2.29951,2.8673518
0.044640552,2.3533974,2.919643
0.07768349,2.406149,2.9919834
0.033675417,2.499427,2.9899275
0.012224332,2.5416868,2.956388
0.05417451,2.787326,2.9494345
-0.036579136,2.266556,2.9248796
-0.02555668,2.4288983,2.950313
-0.03761488,2.6234045,2.9759707
-0.034464087,2.3577144,2.8314137
0.060604643,2.4505227,2.899386
0.013413315,2.5131273,2.9599767
0.029012801,2.4703078,3.0226989
-0.030440599,2.4690049,3.0256913
0.026905797,2.7030416,3.0284326
0.03450538,2.3000493,3.0046852
-0.01502262,2.3709698,3.1048777
0.045037653,2.2496138,2.9026365
-0.031341486,2.3941135,2.9353352
-0.039718043,2.4101932,3.0435379
-0.016231611,2.2133224,2.8348956
0.04551786,2.370597,3.0039406
0.08513069,2.276804,2.9355962
-0.053931616,2.4527586,2.937671
0.052388385,2.0659842,2.9806135
-0.012312231,2.3047054,2.9069316
0.077400334,2.2568834,2.7811925
0.044187415,2.3237927,2.9454064
0.0012863036,2.6928616,2.826919
0.054508075,2.31296,3.006101
0.06353148,2.3067033,2.979893
0.04764167,2.286223,2.9211938
-0.07373722,2.430382,3.01651
0.07169502,2.753801,3.0503595
0.059967875,2.6836822,3.1683707
-0.008489068,2.3543987,2.9337938
0.043787498,2.536069,2.9196057
0.039883878,2.4539056,3.0235193
-0.022096679,2.4531007,2.9929307
-0.034004286,2.5987847,2.99265
0.047832504,2.600211,2.9599488
0.019218251,2.6540165,2.9575639
-0.019178852,2.784018,2.9881117
0.012770634,2.4505868,2.8948581
0.045784917,2.6363828,2.9696474
-0.0061469832,2.2169898,2.934419
-0.03171081,2.7235792,3.0509698
-0.014456195,2.5177014,2.9750793
-0.045388274,2.665638,3.0252132
-0.025016114,2.5468974,2.998031
0.027718998,2.3626456,3.088028
0.027410293,2.4460394,2.8378527
0.046872903,2.3805072,2.9058135
0.025848873,2.4312227,2.9517038
-0.032457583,2.686899,3.0211377
0.035498425,2.2913938,2.9724622
-0.034478832,2.5590386,2.9056852
0.037574157,2.6215928,2.9405646
0.057468813,2.4751375,3.0199063
0.040746998,2.419843,3.0088437
-0.061332926,2.7374744,3.043832
0.08363834,2.4751816,2.8873425
-0.045772225,2.445367,3.0039399
-0.03983185,2.5535016,2.974945
0.0896611,2.61714,2.927328
0.02889358,2.4349031,2.979139
0.015060144,2.3562088,2.9539514
-0.08177857,2.6066523,3.0467064
-0.010783029,2.59086,2.8566597
0.08129205,2.4176898,2.971056
-0.025810353,2.5107396,2.8907964
-0.023414373,2.2250164,2.9509614
0.09281668,2.7631133,3.1859307
0.009157474,2.3095362,2.8820953
0.01617403,2.770074,2.969948
-0.015621205,2.684557,2.9547884
0.06498485,2.2688456,3.0438805
-0.028152,2.327819,3.04308
0.06953985,2.4577878,2.8398488
0.07471301,2.399957,2.8068871
-0.008238045,2.382865,2.9952707
0.010666403,2.4662998,3.0910957
-0.006297921,2.3910124,2.9244819
0.036300786,2.6225657,3.0406961
-0.051206425,2.3022141,2.8484435
-0.033785094,2.4281218,2.8715255
-0.045924332,2.8340976,3.1584432
0.011088387,2.5648057,3.0759306
0.09885289,2.7257977,2.9861884
0.07976357,2.4522076,2.8615942
-0.031613592,2.6792417,2.9813788
0.04499921,2.6855135,2.939162
-0.015825897,2.4250798,3.0851426
-0.0055229766,2.2752292,2.8934648
-0.022413101,2.5259588,2.8901935
-0.009127851,2.65891,3.007464
-0.013195793,2.5728157,2.8779664
-0.0119199855,2.7039745,3.041864
0.06720963,2.5658846,2.9883754
0.035734802,2.4918349,2.878656
0.02083573,2.4023223,3.016314
-0.02199826,2.3381414,2.839338
0.015674865,2.4230733,2.9513578
0.03441455,2.7252746,3.041906
-0.026236333,2.4059176,2.9502518
-0.09141642,2.2300189,3.0148506
0.023350837,2.7396245,3.023614
0.08811539,2.175871,2.8430026
0.03306932,2.6968014,2.9163437
0.086628824,2.4594824,3.0244944
0.023063961,2.4707649,3.0108259
0.08446918,2.4598608,2.9999459
0.089611106,2.2705526,3.0181253
0.00892703,2.2889946,3.015494
0.00551485,2.4599147,3.0274649
0.05988384,2.461824,2.9189854
0.05498611,2.7717748,3.0218556
-0.12143484,2.74437,3.0836384
-0.027282294,2.3108416,2.8690214
0.08603317,2.4731107,2.8611007
0.003514641,2.579277,2.9534402
-0.03943022,2.322538,3.0888283
0.0029085325,2.504608,2.95803
-0.029860768,2.5387492,2.9709694
0.06291496,2.4914937,3.0078893
0.08428823,2.5176756,2.798239
-0.066662766,2.5011556,2.9331856
-0.04911197,2.5072675,3.1485448
-0.022235159,2.5158823,2.9657645
0.110583805,2.716706,3.1181462
0.007533948,2.3156967,2.9684966
0.04044527,2.4293857,2.9536731
0.02446188,2.3973567,3.0722318
0.06780501,2.4782755,2.9837935
0.09073936,2.2230027,2.867629
-0.044044174,2.2941568,2.8403568
0.023364024,2.207358,2.9467814
0.06198731,2.509265,2.9099846
0.005920646,2.6681647,3.1423087
0.02171005,2.4645834,3.0029736
0.066426806,2.677259,2.9314497
-0.020077575,2.5951972,2.9170554
-0.06868762,2.573016,2.9677098
0.069317296,2.5319793,2.8828788
0.075450465,2.5439448,3.111439
0.0060065137,2.5626516,2.9836278
0.04186214,2.3685176,2.926716
-0.020869594,2.4710088,2.884494
0.022966716,2.4117315,3.021499
0.06359554,2.5586696,2.9139817
-0.0024825903,2.5276575,3.0184243
0.031389937,2.553167,2.9867344
-0.021543775,2.623491,3.0188837
0.056376465,2.5493877,2.9825587
0.01222639,2.5244699,3.0299175
0.037905127,2.760074,3.0693278
-0.0029696068,2.3762197,3.0183005
0.026412437,2.385561,2.9572408
0.03345213,2.3492162,2.8595011
-0.020726949,2.331105,2.9866438
-0.005234561,2.4806566,2.984117
0.05157926,2.3923578,3.0204482
0.02223399,2.632445,3.0450826
0.08217888,2.4922624,2.991471
0.027982607,2.501577,3.0279806
0.08640664,2.5490532,2.8634222
0.0938109,2.4658096,2.9038324
-0.06714277,2.3363585,2.9873755
0.043801904,2.5525832,2.9766033
-0.012265512,2.4149337,2.9218953
-0.02015255,2.425871,2.9975476
0.08115633,2.7203965,2.979778
-0.00202912,2.6508849,2.931655
0.07391057,2.3656533,2.8948288
-0.010005607,2.1487966,2.9139578
0.04180707,2.245708,2.915843
0.026115872,2.4140692,2.9383657
-0.028490063,2.21565,2.84122
0.1557492,2.5009944,2.950532
-0.031499434,2.4341917,2.8963428
-0.022848297,2.4348016,2.9427874
0.017899228,2.7109344,2.9803684
0.08626775,2.3128808,2.9776907
-0.020833727,2.2115695,3.0013204
0.0067927535,2.401193,2.934524
0.055291507,2.408198,3.0044553
-0.019878097,2.4449627,2.946044
0.08271958,2.654347,2.9219596
0.05799272,2.425831,2.8698032
-0.003413909,2.5524056,2.980232
0.03991959,2.501848,2.963334
0.017720424,2.457712,2.926643
0.032762103,2.3307192,2.918485
0.07520137,2.5740013,2.9455686
-0.010801553,2.479454,3.0795937
0.02495546,2.475252,3.030537
-0.024252277,2.6721642,3.0758014
0.08107532,2.1503587,2.8389833
0.0022046436,2.607815,3.0521986
0.0026083076,2.377336,3.020621
-0.008496766,2.3767617,2.9654992
0.05481833,2.3979676,2.9681787
-0.03645398,2.5145485,2.8382883
-0.0034142593,2.1884973,2.9560206
0.013002933,2.5364425,2.9152606
0.0060459925,2.670579,2.928085
-0.0020401021,2.3395846,2.8453546
0.14626072,2.5124907,2.894156
0.06333894,2.546608,2.8921113
0.09293884,2.4928274,2.9502878
-0.020290133,2.1497788,2.8809326
0.12223506,2.5037763,2.9118488
-0.10372335,2.264905,2.8835912
0.05970972,2.3178675,2.8632345
0.03349545,2.378689,2.9264214
-0.0045842407,2.820081,3.0406353
-0.011294351,2.382247,2.9365978
0.07892831,2.5598826,3.0197182
-0.049036294,2.58921,2.917105
0.03367191,2.1794014,2.888468
-0.010500801,2.5915055,3.033769
0.02134977,2.6478496,3.065271
-0.04157257,2.51084,2.9999177
-0.016913578,2.551621,2.9501514
-0.08928144,2.5005083,3.018669
0.06740064,2.5178394,3.0375853
-0.098922096,2.2733324,2.9524431
0.041170876,2.7379549,2.945438
0.113209695,2.5656633,2.8902488
-0.026262123,2.5992534,3.0095568
0.051450264,2.8748376,3.134089
-0.062806144,2.6995423,3.0001276
-0.10324379,2.4786444,2.9728017
-0.020402197,2.6691432,3.0603647
0.0381039,2.4652276,3.0197487
0.08457377,2.5478914,2.9852026
-0.0597028,2.6345026,3.035114
0.037144985,2.6085765,2.9591477
0.07208763,2.4911563,2.903399
-0.03192139,2.5256855,3.0375123
0.063318476,2.64101,3.0127747
0.015158265,2.701812,3.0740542
-0.019240916,2.5200846,2.8849218
0.03635683,2.491358,3.0176966
0.09108239,2.5766294,2.8706803
-0.07425715,2.6229935,2.842231
0.043605346,2.477229,2.9282732
-0.033313766,2.3966494,2.9805863
0.01836326,2.2531579,2.8002605
-0.00044473726,2.6593816,2.9028776
0.06368989,2.297936,2.8102477
0.070940375,2.7428582,2.8744113
0.047299106,2.6560426,3.0281463
-0.0051946742,2.5783033,3.0256488
0.021115066,2.5342436,3.0662796
-0.0054082004,2.6098223,2.9924545
0.038731467,2.4530466,2.8615396
-0.0770825,2.2235515,2.9826193
-0.0061168624,2.627247,3.005299
0.07839161,2.3069284,2.8200946
0.019679196,2.3386054,2.9498382
0.028747827,2.673847,2.979117
-0.00042558182,2.410755,2.9611952
-0.020798068,2.508582,2.9273252
0.043628365,2.4284275,2.9526997
0.04892148,2.487316,3.0162995
0.0657253,2.8937771,3.130445
-0.04661645,2.6726735,2.924111
0.035351954,2.6006787,3.003862
-0.028214648,2.542284,2.9806914
-0.0014125602,2.539169,2.8933513
-0.004824179,2.8978631,2.9556978
0.01917881,2.4956381,2.8426785
0.03138699,2.667534,2.9872894
0.015169699,2.5670073,2.9785721
0.039847948,2.571818,2.9170742
0.06864898,2.5299797,2.887162
0.026154084,2.5494473,3.037103
0.039245613,2.6986952,3.0368657
0.010693404,2.4509132,3.0726268
-0.014832438,2.4232826,3.0204017
0.016124047,2.5712914,2.9317992
-0.027372234,2.3017774,2.990595
-0.0037538698,2.0706997,2.94434
0.053286407,2.7284646,3.1660423
0.010142472,2.5501544,2.9533012
-0.022816263,2.556113,3.0189257
0.05911838,2.5131757,3.0007956
-0.0066883015,2.2401054,2.9661956
-0.05432573,2.2176392,2.964276
-0.0036113607,2.4406273,2.96315
0.08100277,2.7976809,2.931466
0.013302698,2.6189268,3.0183089
0.059570845,2.28276,2.8183868
0.041664157,2.6853838,2.8677862
-0.045149773,2.606334,3.0495062
0.033515114,2.396918,2.921931
0.016158525,2.5177457,2.894875
0.0011495836,2.5310423,2.893144
-0.09015713,2.5853004,3.0356767
-0.0189807,2.2784967,2.8515127
0.037236396,2.2622564,2.996635
0.020643448,2.5260458,2.9787922
-0.0046677655,2.5992413,2.9426012
-0.015489177,2.425145,2.949388
0.057749808,2.2939699,2.8829043
0.043940946,2.568623,3.0121894
-0.037428368,2.6062922,2.932802
0.023855895,2.4349468,2.812199
0.072085105,2.5257347,3.0164816
0.032155346,2.525771,2.925476
0.055868674,2.5835173,2.8743954
0.016801368,2.5248308,2.992587
0.1036056,2.5577464,2.9946134
-0.041382175,2.6285872,3.0153031
0.06559209,2.2463365,2.8616486
-0.032881252,2.3876407,2.9474115
-0.0009203777,2.4074147,2.9649441
-0.069124915,2.5963466,3.0239217
0.091175854,2.0340233,2.8447456
0.0012117485,2.4998453,2.968644
0.0847566,2.4985893,2.8628385
0.06050582,2.526993,2.9484358
-0.017226443,2.4498649,2.9688694
0.12105136,2.7033784,2.9351418
0.032254368,2.336906,2.9493818
0.0227687,2.16655,2.8612309
0.037209824,2.8151536,2.9880264
-0.024209876,2.4772184,3.0011678
-0.026559565,2.6285074,3.022733
-0.054889448,2.2402484,2.8417711
-0.002201789,2.612815,2.926088
-0.017132655,2.4563894,2.9681644
0.012694556,2.5814612,2.9872403
-0.039835125,2.1339076,2.9840481
0.018001622,2.2508287,3.0129232
-0.023812756,2.5565522,3.0178308
-0.02136112,2.533101,2.9998593
-0.024460074,2.6569128,2.9743254
0.06679278,2.415499,2.9553502
0.017464072,2.490683,3.0283375
-0.079016946,2.5032763,2.9889407
0.01498081,2.7283542,3.0342321
-0.006320403,2.6903198,3.0332744
0.022745186,2.4820936,2.9441974
0.07118598,2.2661119,2.9625793
0.074849196,2.3830383,2.8669374
-0.019976899,2.1454313,2.8920877
-0.073567905,2.387796,2.8865616
0.001692241,2.4514594,3.0718665
-0.024106547,2.5997174,2.9882474
-0.03534913,2.5125816,2.990441
0.010228578,2.6868682,2.9470065
-0.05046677,2.259653,2.9610019
0.0478527,2.4113355,2.9230573
0.025755819,2.6495476,3.0708716
0.05896446,2.6199481,3.0173652
0.012988079,2.425195,2.8551712
-0.03975486,2.9185224,3.010322
0.052262004,2.6407933,2.9706476
-0.026580267,2.3243961,2.9885957
0.1203003,2.434057,2.8146641
0.012134976,2.177036,2.8066154
0.0734801,2.3970156,2.941856
-0.035031047,2.4670384,2.963729
0.095729016,2.7342584,3.1151023
-0.056691766,2.7919984,3.066193
0.0140673015,2.6172428,2.9139817
0.04882822,2.3058038,3.041265
0.040097985,2.1789565,2.7826142
0.08148483,2.2665036,2.9546103
0.0018511778,2.5433345,2.9094458
-0.020702872,2.678458,2.9631932
-0.019748736,2.486079,3.144041
0.07689583,2.4965932,2.9697611
-0.036035385,2.2116508,2.8447897
0.12361999,2.3961022,2.9868526
0.03660521,2.243637,2.8265007
-0.0019052653,2.149804,2.8577397
0.07359051,2.6394901,2.9219472
0.022306055,2.5672054,2.9173667
0.041908313,2.4119582,2.9213126
0.03430369,2.352254,3.0308173
-0.011436445,2.3198068,2.9246173
-0.11627065,2.3741906,2.8826954
-0.041152664,2.5678222,2.9660335
-0.0016414672,2.4440885,2.9677763
0.009483593,2.5988286,2.8826609
0.10178496,2.5063112,3.0291257
-0.041420635,2.7538435,2.9794323
0.08138866,2.56957,2.9455032
-0.0042578066,2.5205026,3.0002813
0.057923302,2.6623635,2.9786167
0.010983287,2.5878348,3.0615196
0.09624106,2.562147,3.024416
0.083983734,2.484965,2.9301207
0.037562285,2.6917193,3.0698133
-0.030561253,2.5495384,2.971428
0.012875268,2.6038537,2.8767524
-0.043466467,2.3126645,2.99974
0.05354203,2.4765654,2.9541798
-0.012722154,2.4179502,2.9338706
-0.0021934966,2.648208,3.0649235
0.039657343,2.406258,2.9911952
0.066711,2.466537,2.876862
0.07802201,2.3294182,2.9903111
0.03735481,2.7119148,2.929515
-0.02155888,2.417931,2.976602
0.068440564,2.227244,2.9621577
0.023249019,2.2146907,2.9202704
0.010976354,2.3047266,3.0264053
-0.09671041,2.5410566,3.1085215
0.097498976,2.469627,3.0058787
0.0652865,2.3389082,2.8619938
0.11175807,2.3446379,2.984256
0.012137309,2.518858,3.0446613
-0.05424889,2.5513802,2.9158752
0.079503566,2.4686546,2.9979978
-0.013855697,2.5976467,2.9556618
-0.036131617,2.3274798,2.9078171
0.0035411473,2.5506206,2.9286804
0.020818196,2.375618,2.8652675
0.0431133,2.4176514,3.070305
0.0512512,2.431188,3.0004303
0.015916437,2.6311529,3.0641947
-0.059958875,2.6691859,2.9721928
0.04976299,2.2197838,2.989993
0.029907107,2.637581,2.9571607
0.022918047,2.4911742,2.9618762
0.04728206,2.5570884,2.8957193
-0.028098792,2.3495297,2.899288
0.024127202,2.3427613,2.8774915
-0.013500736,2.356912,2.9235125
0.052499052,2.3218153,2.979351
0.02069602,2.4410796,2.9895623
0.10914228,2.5472329,2.9568236
0.07002859,2.6087122,3.026037
-0.030178916,2.6704125,3.0031698
-0.04921113,2.388128,2.8746176
0.009392066,2.5650108,2.7616425
0.016596844,2.6688967,2.8968058
0.075991206,2.2870455,2.916873
0.121968195,2.5784528,2.9548829
-0.020999774,2.4957798,2.9826791
0.016229844,2.4110534,2.9932182
0.08418566,2.1619697,2.9632356
0.03137672,2.3128252,2.9913743
0.016474698,2.4573073,2.977091
0.04628126,2.4814692,2.9448166
-0.019593123,2.4745438,2.9955425
0.02563912,2.3438873,2.9357007
-0.0067716734,2.4748316,2.9582558
0.033879995,2.458428,2.7396984
0.011531793,2.6129136,3.0560982
0.031158205,2.3648095,2.9226878
0.083530314,2.2540684,2.8713915
0.090224355,2.4403036,2.944507
-0.0052995784,2.3170834,2.8678298
-0.0030244188,2.4558132,2.8780572
-0.025712918,2.601409,3.0089445
-0.00152082,2.4816349,2.957545
0.027339898,2.351321,2.9435208
0.005675697,2.5640945,2.9159856
0.016246807,2.3525786,2.9524066
0.06222894,2.5225077,2.9241004
-0.016976219,2.6345062,2.95379
-0.026449364,2.3712506,2.797966
-0.0137329,2.6972623,3.0000417
-0.05198987,2.360328,2.908305
0.022105765,2.345479,2.9162858
0.0053366236,2.7170386,3.1257267
-0.025274921,2.3129227,2.9456027
0.038411282,2.577996,2.8859353
0.03288872,2.539698,2.8681736
0.0051910337,2.6096504,2.9641185
-0.007937406,2.4962015,3.0194426
0.06824215,2.3646784,2.9669993
-0.013107683,2.4890192,2.969266
0.011336071,2.5759482,2.8256974
0.04627546,2.40776,2.9383078
-0.04368821,2.5035968,3.0408788
-0.017572936,2.6941774,2.936725
0.03432514,2.5518124,3.0368443
0.014862396,2.4582624,2.977054
0.08050259,2.649057,2.8633811
0.023051403,2.3450828,2.8569994
0.020589488,2.4640856,2.93412
0.032462314,2.3332925,2.9206285
-0.03517567,2.3105266,2.9628887
-0.041484546,2.5406308,2.9143326
0.003464396,2.5726638,3.075302
-0.0232322,2.53337,2.9014127
0.02317042,2.529597,2.9593406
0.07264529,2.6854477,2.927299
-0.066465504,2.519551,2.9566758
0.041079417,2.4559278,3.005068
-0.058525264,2.3740427,2.8466544
0.023521502,2.4499512,2.9907577
-0.015680883,2.5305343,3.015522
-0.014193795,2.57187,2.9921212
-0.006478439,2.7155035,2.972874
0.011846021,2.350235,2.8590658
-0.008128705,2.4086366,2.8865166
0.009339465,2.5964854,2.94719
-0.022001188,2.308604,2.9613829
0.057221167,2.7104435,3.0434253
-0.029971208,2.4361029,2.9121373
0.0502985,2.4283566,2.8326876
0.10077294,2.7236495,2.8982902
0.09057725,2.5760853,2.9752607
-0.02935775,2.4233646,2.9056826
0.075268365,2.2879171,2.961268
0.056220796,2.8456705,2.9718122
-0.07292376,2.417849,3.0187206
0.027487587,2.4252093,2.9760993
-0.014378634,2.4717839,2.9456906
-0.014482732,2.4302375,2.855174
-0.0034900373,2.5937746,2.9759543
0.10087966,2.6112313,2.90736
-0.07395248,2.510075,3.02547
0.0141655775,2.387505,2.9080262
0.047189858,2.5909219,2.9846623
0.012033871,2.5727572,2.982949
-0.049757972,2.4822762,3.1340868
0.06816347,2.4324012,2.9172502
0.005771176,2.338944,3.0002491
-0.0030635474,2.2675822,2.9905455
-0.021977779,2.404686,2.9513152
-0.037908584,2.6347153,2.831158
-0.032529697,2.5575886,2.9179082
-0.05357629,2.5350358,2.9847379
-0.060455173,2.114925,2.901221
0.010161694,2.4677293,2.8628135
0.027117062,2.459617,2.9748137
0.0066450546,2.2436247,2.947644
-0.0733945,2.5495055,3.0034254
0.061912775,2.5436766,2.9801812
0.08252563,2.5153384,2.8821437
0.03937402,2.481991,2.8791215
0.033763733,2.4462516,2.988605
-0.009866365,2.5503268,2.8947387
0.006543899,2.6556642,2.9862964
-0.022341546,2.3201456,2.8556888
0.049734022,2.5128667,2.9667425
0.034143854,2.5474937,2.911866
0.015090475,2.3268182,2.940202
-0.05046451,2.2831032,3.0172405
0.05580752,2.5126708,3.03078
-0.0019531725,2.5574646,2.8415694
