sigma_rate,a,b,beta
2.7147481,-0.82270765,1.4517187,2.7977107
-0.875324,0.00043730246,2.149196,3.8110209
1.7420524,-0.38814965,3.16926,4.1840878
3.0003915,-0.045928936,1.5297982,3.3282163
1.3797565,-0.32953608,2.3638024,4.2008095
3.0558355,-0.009187544,1.7919575,3.0044947
4.212959,0.07092032,0.591891,3.617842
0.4374902,0.15498948,-0.17802902,2.6920018
1.4402678,-0.28932512,2.3042967,3.4312449
2.9583712,0.10031636,6.4134216,3.876843
1.9438369,-0.1841033,2.3042543,3.354883
1.0200102,0.30004343,1.7437917,2.8844903
2.840692,-0.37040702,1.5418485,3.317235
1.1381276,-0.18387422,2.7675993,4.0534377
3.1177015,0.08602303,2.824149,3.6816647
1.6933006,0.28011137,-1.0048114,2.012974
0.6572496,-0.027982648,2.7159665,3.8993225
2.5602565,-0.2900985,3.6771026,1.5225947
3.2930477,0.54250985,3.98282,3.9775662
-1.062159,-0.064898476,2.2825854,3.7215135
2.8941948,-0.30575448,2.493997,3.6397355
-1.7570722,0.12258236,0.08433739,4.877444
0.03533102,0.87142265,2.7539704,4.8193574
3.3436337,-0.26375705,3.24393,2.960345
4.419998,0.11933083,0.5804717,3.5669217
-1.1602892,-0.0037907897,2.2114146,3.841206
1.9379168,-0.008848205,1.6520867,4.1683908
-0.9044032,-0.10784949,2.478981,3.5008516
4.27958,0.057230733,0.5506001,3.5213919
3.226396,-0.43344834,3.0494816,2.7887983
2.8542316,-0.05049135,1.4736773,3.4548705
3.1678808,0.1993813,3.1737719,4.0469007
-0.7958327,0.023684133,1.9425244,3.784944
2.9168718,-0.19397627,3.5976803,3.073753
3.0704625,0.4112136,4.4809113,4.2240677
3.1845973,-0.26466063,3.728829,1.8707995
2.8085096,-0.13486801,3.191261,3.1595116
-0.9666152,0.010452847,2.1363103,3.6916685
2.9003046,-0.5291358,2.6973925,3.2036948
0.75733453,0.6052427,1.7692755,4.83194
1.4640962,0.3365849,-1.5866027,4.027346
0.5068759,0.11967106,0.33233956,3.2043633
0.1550203,0.32446283,-1.1250108,4.8164306
3.0212877,-0.14905368,1.9866862,3.3717978
3.366365,0.40517926,3.9676049,2.49339
0.16476457,0.026180828,3.2223825,3.4697013
2.3762758,-0.28953767,2.656147,1.995468
2.433746,-0.3683657,2.3631132,2.8342457
3.1569536,0.51341903,3.9002848,3.7545552
3.7051868,-0.62379795,4.104458,2.5417676
-1.0893223,-0.078443974,2.0518963,3.5284333
-0.093316585,0.21108201,-1.3065759,4.959594
0.030442433,0.19565593,-1.2338037,5.043436
1.4041878,-0.010071096,2.1075895,-0.55380285
1.9185244,-0.7050228,1.6315469,3.2108328
-0.6896232,0.0091380635,2.185048,3.8581486
-0.6938163,-0.0031121639,2.0998592,3.7827857
1.1261755,0.5060726,5.7919126,2.1177473
1.2206055,0.27232274,2.2238326,2.5591047
-0.84078956,-0.089969635,2.284423,3.9136639
1.0778017,0.37988472,1.654607,4.828777
0.37189478,0.14734256,-0.05465807,2.0923817
2.4414248,0.0025692752,2.3115444,3.633047
1.1703573,-0.66732246,1.9424235,2.7873232
2.042469,0.059926108,1.367828,0.22366913
4.102991,0.051711947,0.74894696,3.6161308
-0.9125269,-0.056808352,2.3656845,3.7839503
-0.895246,0.01947914,1.9492711,1.9027003
2.0588162,0.20353423,0.5749478,0.36499405
1.4344592,-0.3082178,2.0103016,3.312264
0.6661913,-0.14070825,2.5495229,4.0787635
3.2025445,-0.062953554,1.3404357,2.957854
2.2615323,0.119382516,3.6677608,2.6345062
1.8360444,0.0069075082,0.43771732,4.778032
3.4375508,0.47727996,3.807243,3.1290052
4.1166453,0.0073879506,0.64243525,3.644936
2.6637285,-0.30530524,1.065822,3.719791
1.5368438,-0.3335799,2.5767968,2.8673632
0.7754915,0.11512322,1.3460863,-0.68268186
3.1355438,0.23919417,3.4238071,2.8996918
-1.6855743,-0.055556856,2.5596664,3.963387
1.3723081,-0.18928726,2.323382,3.4894335
1.061628,-0.16186242,2.29014,4.571389
0.64547634,0.43251267,-2.2212806,5.625889
-0.8795553,-0.027114337,2.0585485,3.7615378
1.0946947,-0.32738644,2.1973362,3.1924944
2.7262092,0.024286896,3.1032698,4.435286
2.906668,-1.0496256,2.0171869,3.0283751
1.6288143,0.28064358,4.5246863,3.3572319
0.6989707,0.29235882,-1.356513,4.834423
0.8317612,0.6297137,3.3694885,3.9271014
3.5061395,0.57853377,4.2363267,3.71668
2.0713384,-0.37984556,-0.257675,3.468025
-0.9780923,-0.010480892,2.1823251,3.8144283
0.4482411,-0.1153591,2.679329,3.3052032
4.4266863,0.16497402,0.502182,3.6530266
0.50681376,0.43157116,-1.8324982,1.3601334
2.9402726,-1.0434728,1.8411286,4.471069
-1.624499,-0.09630427,2.2607322,4.040933
1.5478355,0.15520519,2.7225726,2.9957733
-1.0195447,-0.03536874,2.1871412,3.5460207
-1.1409043,-0.01591391,2.251463,3.770828
-0.3279329,0.1380502,-0.030583903,4.423429
-0.7026604,-0.040972408,2.1270611,3.7770736
-0.7323426,0.0062518404,2.1691682,3.8715882
2.6037667,-0.34963053,2.5499082,4.0593333
0.5775385,0.43562993,0.96239334,4.679452
1.8280122,-0.39675203,2.8581078,4.065062
3.08512,-0.48360786,2.0888777,3.115848
3.084958,0.13796367,4.8283525,4.0447083
-0.6715387,0.2442866,-0.3371489,4.5548573
3.3570092,-0.08238774,2.0226836,3.0544252
2.415138,0.45258245,3.2319934,3.6510246
1.2119967,-0.09189498,2.1096606,5.1034
-0.7294254,-0.05903724,2.2846115,3.9119048
2.825484,-0.050633352,4.53387,3.9207466
4.4095726,0.09375092,0.56159294,3.4692218
2.973546,-0.40700546,2.702359,3.452188
2.9935737,-0.4269043,2.0535421,3.0798054
3.2077897,0.32439277,3.186956,3.872741
-0.8255323,-0.022655156,2.2991037,3.7538576
1.7648952,-0.25311697,2.1861954,3.606284
0.31184983,-0.0838267,1.5785117,2.470771
1.0494874,0.44684792,-1.8563161,2.8471854
-0.9010678,-0.02823369,2.2294927,3.8224761
1.1596457,-0.25088453,1.8735529,4.2108727
3.3456717,0.22493954,3.099366,4.232572
0.43019086,0.14274453,-0.66694415,4.505278
2.7113328,-0.7956549,1.836152,4.184361
0.033982623,0.046432022,0.52980757,4.436296
1.9278507,-0.4304405,2.5499947,3.5914657
3.1515462,-0.07740898,4.2728634,3.4189062
-0.8853631,-0.36054915,1.8028682,5.005635
-1.0504129,-0.06996623,2.2220652,3.6860409
1.140003,0.40298617,-2.4218855,5.8446946
2.6222632,-1.0877388,1.18362,3.6566305
0.87299174,0.46225378,1.4043859,4.530671
4.1864405,0.06620352,0.59413916,3.5655708
1.5201207,0.18044886,-1.1205219,2.666582
1.0594443,0.68978566,4.419376,3.8144023
0.72207016,0.97017497,4.084245,3.3772347
1.3007014,0.107040524,0.84659517,-0.14528593
0.5523565,0.09100177,1.5240332,-0.36137518
-0.9914706,-0.12509426,2.197501,3.7259505
2.3297675,0.6712685,2.8261988,2.5658674
4.34936,0.06266483,0.53554446,3.5406845
1.3254772,0.28855813,2.5049422,0.440421
-0.84101903,-0.14107567,2.2101376,3.8151686
-0.04238773,0.25214654,-1.1642536,4.973729
4.46901,0.048321884,0.4478172,3.4831393
0.70511,-0.07744021,2.407222,3.9378753
1.4034067,0.16048723,3.9806132,3.0954013
4.4037786,0.03236735,0.66108674,3.401597
0.74744785,-0.042419672,2.3063383,4.0680003
-1.002402,-0.06651269,2.1605604,3.8495371
0.34052426,0.09020264,2.3809156,3.9858506
1.1876421,-0.2613593,2.0035925,3.4169028
1.6125957,0.09293123,2.0172305,3.0436237
-0.9603655,0.028245239,2.0565944,3.810705
-0.3947232,0.23284498,-0.47361875,4.500917
3.2300055,0.7109198,4.7563787,3.7607288
-0.9333269,0.051112853,2.458915,2.3028784
4.195604,0.037666768,0.35006562,3.5150383
0.6173393,-0.11783844,4.8568306,2.9807346
3.0770085,0.36976328,3.8876543,3.267556
-1.8076564,-0.18676522,2.8644912,1.7731457
1.7400372,-0.027778886,1.5800872,2.5719178
4.120303,0.22306903,0.556047,3.6951122
-2.7441642,-0.48104885,4.330049,4.9841747
3.6289299,0.04686937,1.4715418,2.4036524
3.1221836,-0.35496438,2.8404772,3.7459931
1.9211774,-0.56444216,2.4172661,3.8993852
-2.3678777,-0.1645211,2.922391,4.43826
3.636628,-0.5684405,3.0519035,2.179301
2.5986423,-0.20324548,4.2227907,3.002508
3.1599228,0.48663858,3.751564,4.0423317
3.9750693,0.42044064,3.7710416,2.143986
1.1108286,-0.5993714,0.15468177,3.6028626
-1.2921115,-0.18958683,2.5315592,3.7647762
2.941653,0.009055308,2.5181196,2.8678868
4.1991076,0.0412452,0.5514472,3.6213431
-0.7299071,-0.00477877,2.115995,3.7571652
4.519393,0.2220784,0.4822761,3.323188
3.3657017,0.46324065,3.8667111,2.77443
2.7558515,0.036967155,3.8831983,3.0079875
3.3542356,0.47715065,3.952956,2.487287
3.287122,-0.087444864,1.9869037,4.376508
-1.2379298,-0.16188575,2.4856548,3.729217
1.1921773,0.29588807,-1.1514962,3.4936392
-0.85878015,-0.13431017,2.0993366,3.7920055
2.8445227,-0.083950035,1.6896734,3.2114027
1.0302777,-0.46667352,1.1801581,3.603699
1.1228356,-0.008520139,0.58690083,3.006673
0.081865385,0.07777262,3.1340547,3.733415
1.5286679,0.122896366,4.1527104,3.964626
-0.88491315,0.16101713,0.4484373,2.657469
3.3078313,0.20829254,2.968429,4.0341244
3.0889828,-0.028918955,2.7825458,4.071084
0.39627084,-0.14343801,3.2335827,3.849022
-0.12237949,0.22672874,-0.9905147,4.7259793
3.0586545,-0.20494244,2.5866847,3.2169836
0.48168167,0.30530724,2.4457245,3.947319
2.6875782,-0.7506398,1.4470463,3.4761393
-0.7910936,-0.046441656,2.269443,3.8336473
3.0641575,-0.11291617,5.2948503,2.2470164
1.3294859,0.3677936,3.1884017,3.72498
0.9623353,0.21363294,-0.60878205,2.644024
3.5735922,0.07483583,2.2914999,2.5353403
4.3370123,0.048948396,0.6735014,3.1894493
3.4064755,0.21359456,3.505176,3.8910098
0.66833615,0.19038682,3.691383,2.7321076
0.3536542,0.028012171,3.8565938,4.0129743
-0.7229321,0.068027,2.1180305,3.8539586
2.528256,-0.35814965,1.635467,3.797053
0.91176647,0.22394861,-0.314697,1.1970972
-0.6327433,-0.08713826,2.373546,3.7106977
1.1523327,-0.59277654,3.3617778,3.2963736
2.2677636,-0.07179502,3.8938775,3.7579181
-0.5945549,0.27561495,1.6846199,4.7527456
3.6176775,0.30145457,6.5220485,2.5859015
4.081932,0.15690511,0.3692912,1.753308
