sigma_rate,tan_a,tan_b,beta
1.7957214,-1.3771017,-0.57400626,2.8587403
-1.2004217,-0.6564584,-1.1686485,3.7617407
0.98093337,-0.9993817,-1.680742,4.0902786
2.1913848,-0.590785,-0.71443427,3.3872364
0.6603381,-0.86484456,-1.3472308,4.152255
2.2348578,-0.5483577,-0.8392686,3.0175755
3.634285,-0.5677731,-0.24050204,3.0943835
-0.27269256,-0.36720046,0.0004953081,2.65824
0.7378153,-0.9177311,-1.1947176,3.442496
2.2119272,-0.43134248,-3.6220932,3.9249907
1.2123277,-0.8587549,-1.1710728,3.3747647
0.32737693,-0.31319848,-1.0050436,2.885591
1.7775333,-0.91749275,-0.6274239,3.365009
0.41013625,-0.7041404,-1.5915928,3.9933214
2.462754,-0.4796595,-1.5069481,3.5260742
0.9958211,-0.33357346,0.42463812,2.0047915
-0.15847014,-0.6223623,-1.4388466,3.7445767
1.8426294,-0.8931867,-1.875782,1.5410855
2.492279,-0.08777733,-1.9911212,3.933395
-1.3723276,-0.69157034,-1.2658081,3.700147
2.0952835,-0.9457443,-1.1563345,3.6523767
-2.4722786,-0.40725416,-0.009858235,4.7307057
-0.66249156,0.27007726,-1.4446702,4.808186
2.6361222,-0.9423821,-1.6086919,3.0210247
3.381545,-0.5064208,-0.22647889,3.6076908
-1.8577971,-0.66603374,-1.234467,3.6981542
1.1942601,-0.55655193,-0.8815532,4.3768344
-1.3344985,-0.63903284,-1.0667969,3.8091593
3.1996608,-0.5762043,-0.32142067,3.7046552
2.503842,-1.0939152,-1.5063962,2.8271945
2.0480697,-0.6096076,-0.710166,3.3381221
2.497463,-0.28512433,-1.6939849,3.786408
-1.355278,-0.73767215,-1.2960823,3.7269382
2.1360204,-0.85455287,-1.7954295,2.9987717
2.3818967,-0.28302327,-2.2639365,4.0880337
2.5060048,-0.9442453,-1.9008995,1.9362638
1.8679963,-0.72452325,-1.5337566,3.227065
-1.5254437,-0.7260607,-1.2457963,3.726744
2.2791145,-1.22575,-1.380602,3.211601
0.06552995,-0.031006163,-0.98544216,4.9413543
0.7762004,-0.12012326,0.85883486,3.9495683
-0.21367155,-0.4522677,-0.1426901,3.2500982
-0.55377334,-0.38332304,0.48832244,4.7484226
2.3866165,-0.82671934,-1.0343753,3.3174996
2.607441,-0.25656554,-2.033644,2.499405
-0.52499217,-0.5466959,-1.6707839,3.447139
1.6808174,-0.9546172,-1.3158454,1.982536
1.6722716,-0.9871266,-1.1530496,2.8821058
2.513661,-0.15039873,-2.068948,3.6635933
3.0642917,-1.295341,-2.0799334,2.5412834
-1.1384529,-0.73250425,-1.2680753,3.705912
-0.7951695,-0.29657474,0.73504245,5.018649
-0.6826383,-0.25375062,0.6770345,4.910288
0.8218448,-0.572891,-1.0727407,-0.60350966
1.1702654,-1.3545048,-0.81692773,3.2276392
-1.3205358,-0.6609608,-1.138314,3.8528345
-1.3599249,-0.7194096,-1.2077389,3.7387807
0.45574623,-0.13853936,-3.0690825,2.1972134
0.5027548,-0.3972148,-1.1421932,2.6118324
-1.3867419,-0.6600849,-1.2665269,3.792739
0.3777568,-0.21489954,-0.99656117,4.9386115
-0.86236304,-0.41774955,-0.3472304,1.7952976
1.6447574,-0.595982,-1.1719584,3.692323
0.43994495,-1.3340322,-0.97220075,2.774991
1.3342366,-0.40796998,-0.6463916,0.1070111
3.365394,-0.49371973,-0.1693868,3.5167906
-1.4560871,-0.65001005,-1.0930334,3.7811732
-1.4604253,-0.59039354,-0.94796133,1.9029778
1.2392006,-0.44486514,-0.27940366,0.30349976
0.73191977,-0.96990263,-0.9671842,3.3055887
-0.004380836,-0.70467305,-1.3742287,4.0600343
2.3997607,-0.5939644,-0.51299006,2.855569
1.5697435,-0.5114748,-1.9192234,2.6389937
1.120427,-0.66689277,-0.23667847,4.8112273
2.7128885,-0.15377109,-1.9698086,3.0861514
3.263068,-0.48992974,-0.14893153,3.60757
1.7428013,-0.7805041,-0.4298287,3.8717935
0.8391717,-0.908352,-1.3282503,2.8136947
0.18086009,-0.58699465,-0.5234309,-0.697421
2.3145595,-0.41720343,-1.6806719,2.8705542
-2.3733263,-0.8803552,-1.5116309,3.9257169
0.659536,-0.8964095,-1.180389,3.4214787
0.3671199,-0.6585961,-1.5540086,4.707668
-0.047974087,-0.13616922,1.0483923,5.609277
-1.3930775,-0.7235138,-1.2615132,3.7767467
0.39439037,-0.9717639,-1.0790075,3.2053583
1.5390428,-0.34121352,-1.523896,4.2818246
2.5356963,-1.7629875,-1.1695176,2.9714706
0.90760523,-0.41770336,-2.3015976,3.3642998
0.014055451,-0.38485318,0.57264143,4.804911
0.1239376,-0.073170215,-1.7570497,3.9316823
2.7693334,-0.05327495,-2.1946025,3.1275651
1.3548218,-0.99408036,0.11492312,3.4273252
-1.4824646,-0.7629755,-1.3318735,3.729703
-0.21502449,-0.8282205,-1.5925919,3.344933
3.5608084,-0.4639616,-0.20882921,3.3437262
-0.109566346,-0.28516155,0.86537635,1.354309
2.1258388,-1.6563339,-0.8371117,4.349877
-2.2967288,-0.7364173,-1.3686881,4.049921
0.86449236,-0.5236618,-1.3523986,3.0078318
-1.1746616,-0.61944324,-1.1551356,3.7584434
-1.6230706,-0.6736762,-1.2402625,3.7506454
-1.0180812,-0.50414854,0.11022101,4.414733
-1.3996186,-0.72542036,-1.1721896,3.6887949
-1.2596267,-0.75090206,-1.1831471,3.837583
1.7976305,-1.0064074,-1.2098204,4.1131945
-0.1250148,-0.13972364,-0.6130085,4.7620826
1.0690665,-0.9969597,-1.5177468,3.9976678
2.153329,-1.0639937,-0.93789023,3.0369978
2.2630064,-0.5197359,-2.3625944,4.0398073
-1.4165945,-0.4530473,0.050765555,4.5335097
2.1122348,-0.54669476,-0.49390095,2.9576063
1.599565,-0.12887558,-1.6198839,3.838156
0.4920405,-0.76570946,-1.0517511,4.413607
-1.2010479,-0.6059474,-1.0698352,3.8163993
1.9079167,-0.6484377,-2.2858965,3.83649
3.2710726,-0.5307829,-0.32982263,3.5581722
2.164595,-1.0490775,-1.3174282,3.4217355
2.2200816,-1.0303619,-0.99172324,3.0217226
2.391311,-0.26098412,-1.5685301,3.9559495
-1.096107,-0.6779883,-1.228599,3.8275268
1.0649378,-0.8985982,-1.0963472,3.622658
-0.46736953,-0.7240111,-0.8276061,2.4693668
0.35447276,-0.09107567,0.97902745,2.8309047
-1.4730817,-0.66937566,-1.1432081,3.842099
0.47712323,-0.91669834,-0.9329319,4.21724
2.4312475,-0.36009625,-1.5144452,4.0414176
-0.31126955,-0.37407064,0.31559905,4.503954
1.8314744,-1.3532802,-0.8300387,3.9214616
-0.6488454,-0.5732043,-0.31523633,4.447664
1.2191529,-1.0902945,-1.2906477,3.619552
2.505035,-0.77733,-2.1656852,3.3639116
-1.5854697,-0.9752055,-0.9021423,4.9480686
-1.3623804,-0.68963057,-1.1593685,3.9032466
0.43101746,-0.12978746,1.2140586,5.774649
1.8333677,-1.6881112,-0.5642841,3.5786345
0.16130762,-0.081053,-0.8380508,4.4135256
3.680812,-0.22251412,0.0727796,3.2758102
0.8194755,-0.29827505,0.59079105,2.6074462
0.3597346,0.055250395,-2.324249,3.8229344
0.023743391,0.36449683,-2.172816,3.3721523
0.6012352,-0.4864305,-0.4743698,-0.10051169
-0.15448141,-0.5407587,-0.6539314,-0.37839282
-1.4043986,-0.70221084,-1.1746014,3.7618198
1.615033,0.04784196,-1.4513066,2.6836238
3.4977214,-0.58142954,-0.36189514,3.6246312
0.66880214,-0.3702756,-1.3467363,0.39930218
-1.4979331,-0.6375138,-1.1590724,3.5657816
-0.71529305,-0.27868995,0.60143864,4.985808
3.3931832,-0.44460088,-0.16687866,3.524518
-0.02520241,-0.65759176,-1.2719532,3.8957186
0.7011991,-0.48573142,-2.0595865,3.1393597
3.4740205,-0.38638523,-0.17410815,3.459468
0.037818197,-0.69848186,-1.1464993,4.0741696
-1.5113913,-0.6900375,-1.1578529,3.8552496
-0.37622723,-0.4814013,-1.3136406,3.9910014
0.46633145,-0.92744356,-0.9891128,3.4087546
0.9218911,-0.58119935,-1.0096335,3.0529408
-1.4979961,-0.6612042,-1.2856072,3.5307448
-1.1264157,-0.3579749,0.19485354,4.617964
2.4268668,0.15972894,-2.5156085,3.850189
-1.4663466,-0.7200863,-1.317854,2.3920968
3.5353844,-0.2948359,0.016992368,3.322027
-0.16789661,-0.74755245,-2.5014904,2.9951246
2.3258345,-0.32229993,-1.953493,3.2713904
-2.2699244,-0.8093081,-1.4515765,1.7890888
1.045039,-0.6941794,-0.75025874,2.5850372
3.3006551,-0.55523324,-0.3524197,3.6650493
-2.3506176,-1.295796,-2.7967253,5.037064
2.8832002,-0.53263336,-0.73598284,2.3933334
2.447659,-1.0193223,-1.4743783,3.589474
1.1433114,-1.1620303,-1.2500135,3.8235521
-2.3837087,-1.0905545,-2.1052284,4.26653
3.0221376,-1.2575192,-1.5469539,2.2032866
1.8975166,-0.84883,-2.1237226,2.9471934
2.490625,-0.15375835,-1.946274,3.9704027
3.2610567,-0.22432514,-1.983898,2.120294
0.39765772,-1.2300364,-0.063438594,3.659835
-1.6832894,-0.7696073,-1.3298509,3.8715775
2.1840465,-0.70126253,-1.2544098,2.8896413
3.2430403,-0.46328864,-0.31149882,3.5828185
-1.383318,-0.894695,-1.4462547,3.6254086
3.700631,-0.5694124,-0.30864114,3.2416208
2.6703331,-0.1390541,-1.9978331,2.7658796
2.0115545,-0.59276175,-2.002754,3.0468588
2.715358,-0.17066208,-2.0453663,2.4197862
2.1239536,-0.5984156,-0.7785873,3.7729683
-1.5500355,-0.8071002,-1.3304394,3.8414428
0.5000386,-0.24904428,0.5294092,3.446536
-1.2436491,-0.6332872,-1.1879925,3.7414126
2.0034287,-0.6005112,-0.80096674,3.5258183
0.26450148,-1.0931243,-0.5445827,3.5602627
0.39002997,-0.62346166,-0.36725658,3.0100803
-0.64838153,-0.55110216,-1.724765,3.766328
0.81281084,-0.5562714,-2.1581128,3.9272428
-1.539889,-0.5747837,-0.2226401,2.6415608
2.4286456,-0.39817452,-1.4304448,3.7881246
2.2062976,-0.64565635,-1.3164357,4.3776045
-0.4185376,-0.69825554,-1.7000532,3.81005
-0.8047607,-0.4197609,0.43816984,4.709986
2.300311,-0.8777279,-1.2932853,3.1347706
-0.20254253,-0.34940886,-1.223457,4.037541
1.7696326,-1.3236854,-0.55143505,3.5358517
-1.2046329,-0.60329354,-1.1873308,3.878198
2.422013,-0.6874079,-2.8450265,2.2573674
0.6155333,-0.30985203,-1.6219739,3.6748106
0.21845388,-0.364494,0.3365054,2.5840695
2.7650926,-0.52142185,-1.1236908,2.5125875
3.2664106,-0.55964655,-0.2987344,3.58786
2.462685,-0.37969995,-1.6716204,3.968497
-0.05440993,-0.44076738,-1.925471,2.8078585
-0.2736225,-0.6269104,-1.9984305,4.0811386
-1.3462706,-0.7319688,-1.263684,3.774159
1.6961333,-0.99773645,-0.80810493,3.8852253
0.2259978,-0.39244244,0.05438038,1.2193782
-1.4069935,-0.6782213,-1.1179465,3.7618775
0.436195,-1.2421839,-1.6854187,3.359139
1.566974,-0.7438426,-1.9600579,3.7006748
-1.2566419,-0.37751698,-0.9792419,4.8852944
2.9640079,-0.36391968,-3.3259273,2.5781715
3.163466,-0.48364058,-0.12463672,1.82581
